[
  { "code": "NDLS", "name": "New Delhi", "city": "Delhi" },
  
  { "code": "CSTM", "name": "Mumbai CST", "city": "Mumbai" },
  { "code": "SBC", "name": "Bangalore City", "city": "Bangalore" },
  { "code": "ERS", "name": "Ernakulam Junction", "city": "Kochi" },
  { "code": "TVC", "name": "Trivandrum Central", "city": "Thiruvananthapuram" },
  { "code": "CNGR", "name": "Chengannur", "city": "Chengannur" },
  { "code": "CLT", "name": "Kozhikode", "city": "Calicut" }, 
  { "code": "MAS", "name": "Chennai Central", "city": "Chennai" }

]